d,v,t,a,label
4.118367764375669,7.334182942607391,83.61673673750856,11.340147619522718,0.5790860505134174
5.447789428009576,3.9285654604646094,55.02533279546657,15.295329023136157,0.6862742767137264
5.764581628182493,1.012636271911062,64.7165911173978,39.391918774885745,0.11137181363624604
5.641809357966677,14.12546474436864,96.30051211275132,42.30086209949942,0.2176307570408882
0.4457965017989286,3.950623038348988,106.67426570668398,15.702457984112527,0.12312914770452621
6.268876075283414,9.366797953502793,21.609323237583553,6.156701737946718,0.13691011150100674
7.603626623647016,3.0966423545242545,8.710681679895117,20.790577089608437,0.43925572911749045
3.352291147522581,14.988314860418242,66.29877023022597,0.750801067838297,0.17547358441282512
8.547517912200533,13.173843481108461,31.48023165021105,25.24399968050124,0.009123423230303351
6.782066213804312,11.289495582246133,1.9903239537552286,39.39351555001151,0.15815374312839792
7.307895487482785,13.242271824123394,34.130978019089476,37.385055540071725,0.40658721340878445
8.70734290930284,10.357885542435328,94.08490293676694,4.511227834513637,0.2742437434389474
1.8751980400003263,3.076179352895739,111.52073215780871,13.501343590716719,0.4356093406126864
8.292383557716613,3.596777231117552,2.7499604566001157,9.407671189206763,0.6516985592340173
3.213538385866156,13.60608778374589,83.85474540918852,46.02440008659828,0.30356966921121575
7.616078547881982,8.591030448896912,57.81859844292529,12.088381731473364,0.4372329972868648
9.213962703218106,14.612783927034112,111.27474869854333,19.083555060448425,0.5952379686362517
7.385598399634898,12.936992637601977,49.96241381099391,24.62534173943942,0.2920788390271818
7.111042087199629,11.913942094795775,100.22706107921827,6.581453936325815,0.7825631557021359
1.5230590907714778,1.7262433098449015,102.03121720312076,1.1799937156946272,0.41516784293778275
4.976625050735228,12.23396411514808,97.63083960585243,16.567268528012207,0.517159996179303
6.994450117452293,5.33134921721391,6.872828090051026,9.202295664590377,0.5949742978686178
5.405177303565449,8.60280597382684,85.24590797780034,9.789880419559694,0.3621616564183995
4.779062641584106,14.090494581387786,48.36690340417178,36.13483188748021,0.5815553745201174
8.974316972612097,1.8028656373660823,21.5238436412729,42.71854704826785,0.6320187546013779
2.446082907293651,2.409045113601005,36.65636974077672,38.65529684523623,0.5986759513184057
7.6199400031242845,9.06556473398929,15.819439312986066,11.520029229136858,0.34404583200670746
2.948918919853778,2.3429215839294733,47.59986970988355,25.223413106797267,0.16218969978307152
9.657692528478995,3.8893609658512367,119.69488010984607,40.20140608061347,0.36405864439975244
5.503232920398353,9.246329010179894,47.782615013347225,1.5013487625865907,0.5191726890337162
5.058457925707882,3.26839543463414,68.87611681160504,13.507303683428557,0.8746027382943501
8.742349100688166,7.474958489213301,72.26104434865815,37.34011471661991,0.9370948424497452
4.875426416448895,13.208155417045358,35.49191053753697,38.721466350777185,0.7380845756543197
6.829056539643634,6.089463484304959,74.89752910287322,6.048469852726345,0.7047540604263296
4.125515504390077,4.3004621078603815,48.895320192433786,46.655478578598995,0.8042026373529395
1.261833825481026,4.274901520663991,32.00465781196565,22.904534894289775,0.5140277223092837
1.2425928382453966,7.147242855776468,117.57887244594677,18.752791386357053,0.38390148275452307
9.539075728225141,1.7483689022001059,102.80092276936091,11.211399147602885,0.9063675049525605
3.1357785864582666,3.6948339077559074,99.71891285136076,20.18209625100039,0.6743142878556017
7.726704898780313,3.0447504429022603,4.991450979144618,13.547456865034357,0.18397577176602165
5.468720947199079,14.029190434833433,43.50753264203529,39.062313703488336,0.7154530530551535
0.348878246622957,7.0289112756883485,15.516757465770077,37.75192265938196,0.7641164113453757
2.764409418353049,8.90127845017394,6.956372823141166,1.8895072608860641,0.2526046577750347
2.4029340154312204,2.42957591450419,0.25008664788416013,7.816963088712736,0.7317921882894638
9.679229624665954,4.3385526356288695,13.649175318592706,36.07891962885575,0.18187517096109074
4.935806336316217,2.737994043127442,43.14363706061138,39.39345178239588,0.7616465592484531
9.049789515449124,8.941092607256774,85.85663077403399,5.393610356053386,0.37714992323070895
6.808828703222953,2.7180737664923895,117.62457115644852,49.94569753878733,0.9153086874270544
2.9775057907825224,6.575097340304169,87.48189173952713,8.140758109938028,0.4571010173871677
2.7644320886400875,11.473793874999535,112.50190256909413,34.6993571349278,0.6541332414782126
8.125023220521197,3.92440367860001,100.92812703651718,9.84018472986286,0.3386974591710554
3.057545078058639,5.805453174793106,58.43558096574714,40.406338996355274,0.39588244260977057
1.5535396881636614,12.26644708696045,14.515829486773434,38.04489416830977,0.11852521516740422
3.577745746939973,2.823173701937127,71.82322468956009,40.09193012391299,0.08926511968827988
0.4249140507338637,14.294254598568672,55.55541011093692,21.57984988217828,0.18483208446315058
3.6312511353427483,4.398136991403506,6.8892124521549425,38.8163811400538,0.8415456431492585
5.621736664015645,3.657800087006599,61.68526790088238,49.079710980769455,0.2038578992232074
4.162423583463128,6.036909916793628,119.8418791893988,1.847999524997912,0.6332426442553833
5.571250370222044,2.2588705799750173,68.7074765726302,36.35516026280303,0.5807500521964677
1.2054760232307054,1.3971227244383315,19.554517480325927,28.031001759834794,0.5141965096603857
4.205470003473098,7.4468170798008675,54.17420140440281,31.485194776191193,0.049916463278879775
2.565946891105978,14.91894609064852,26.62982748915828,39.319639019194035,0.09504933598952225
9.065888559062369,10.282665361667078,68.56104102658956,28.736050091530867,0.9329177939202188
4.510837985739725,14.076195868226268,35.87286636744687,6.122490922656432,0.9939353621287333
8.226538376962868,3.182494019739104,53.646640032539615,14.3124650705167,0.494871582551906
2.8241175715154845,8.874551471553199,79.23783471357928,21.70237316212554,0.35015617850234426
9.792689394127002,1.9073125162630256,109.43235708441462,4.50697938613856,0.17922600790688892
7.214386983015524,14.129540469598073,56.35103507827076,33.00891698067183,0.09466854611086051
4.499621160529304,5.892672495684709,24.928185427001793,48.30449149329837,0.8338772909704649
6.095255876508602,13.434304771241074,31.041301295630536,20.528606700549172,0.14464587570423948
2.987888347981911,6.290406218812927,73.49517347287882,2.5912921912600586,0.8114429999328564
8.886753765778284,5.117168265028497,81.49718023541745,42.03841782307019,0.793716830979572
0.5126060114957698,14.47364838586321,26.697253305620823,29.998754591862504,0.6198883095701136
5.440301155436676,10.376499879464198,2.1164385771878935,15.682750247635823,0.9197293381555669
6.1011431067906,5.571695532302943,24.761194837435635,8.489971468417117,0.27096030280846717
1.0645331092066463,8.56850768474963,62.96205578937919,25.01195390647471,0.39116822005621854
1.5346054989373128,1.2620807355609727,14.40876381698562,38.45263781528509,0.11370506018099491
7.147096964394471,11.566282741622297,57.312596216135,20.178785131859993,0.7717692905845411
2.4781121152994516,13.199263959645894,112.2352154906932,0.3585276373959889,0.8030240801294942
9.900130798844446,3.1169337497550424,17.71498911003515,33.38821091290941,0.337511600850248
2.667527449773143,5.149924256396309,1.868154193656797,5.196830947138375,0.11721543584539018
9.517628427134914,8.227490898726879,70.96389805419574,39.41475796225804,0.04165624099642584
3.303235353046647,10.010206099281357,80.8629192611677,30.059133873032618,0.5308582916517767
3.896192030625729,11.21728203651678,70.4729382059983,7.9138592951348175,0.4841389272284269
5.440881609869732,14.073167652202837,71.0217684732946,25.678521112414813,0.3083471593279994
7.113575578302928,5.556689505249464,57.90458402768796,35.228585158713614,0.20361747066005909
4.465976517939177,4.327545712884235,33.9964039359685,46.55558840663217,0.5522116788677949
9.978417498117171,4.393595774225491,10.925642537182569,49.088983978399,0.5813894485547809
9.077369395158966,14.177387752989363,13.352066320329982,30.430760464367395,0.994990577913586
1.5118044460341438,11.688184278254312,52.35471094084397,13.958594460298485,0.4665903689914356
6.552052382445579,8.191800921199512,113.05871894881123,34.68322637608459,0.0015552215747621778
1.6478649452101573,2.928440113255287,113.72165932460067,11.411814439848744,0.7213458134586008
1.420855825183776,8.576075156347523,118.46261904660187,10.585719094998064,0.04351586360089621
9.550554681095768,8.151774517651912,36.81933756027908,38.428327156529924,0.14117078728010435
7.4185136224579376,5.9698569978808464,98.12707989090909,12.151500603307113,0.9181691685359951
7.099376130064956,7.010285755948756,66.25914480104728,49.357499208375756,0.360728719467879
0.3103936688701575,8.860405551506902,61.25381742122602,13.919094647316726,0.3456433100213311
2.5987538574139775,1.4440091975532012,71.4160126290849,32.81085126275504,0.22519823361457658
7.055878711213123,9.369279340776536,67.13208468034433,32.09438644374064,0.5404439798004378
1.4347308261410987,9.925001079212096,90.6848758007557,3.5756094170620756,0.45180414195814167
9.819373695695452,14.781094731857445,43.012450944988345,20.030045981535554,0.46509238705688305
6.192023384692674,1.595915303341029,46.36651314136469,7.759703361371812,0.4245356609648371
6.969923147180843,11.716901432207242,104.28700396235101,49.724105277112045,0.5741352200878321
3.0332050678117,6.735821859526544,35.958042672797546,30.04973805503018,0.026843027440385137
5.317647599489497,2.5759225583877834,31.12458657163891,34.739973152053224,0.5763227698375019
0.8742117223684086,8.074521049238404,81.24335128060022,6.742650663236621,0.7065836454801423
2.525585125993905,4.68450973153239,71.3228532578573,6.607391828984288,0.7866503613887345
5.5708223187345025,12.03043532464494,33.058041671201366,39.31932969881382,0.9555878230689363
3.4309001816366127,2.5259582117720285,46.51845424033596,28.391140217712124,0.7806095426519889
1.1982773125422643,13.9768532429561,24.573549755508935,40.463154068008336,0.6220880655340122
8.865780523885238,5.557243913470106,101.32582691567816,25.676240809280227,0.33430138878263593
0.1904469309997634,9.474423860058597,5.892233790443435,7.838070550679122,0.9466265762748071
1.4216691736152363,3.5223072529402435,38.01041806378204,21.56935456285914,0.6262094273376003
6.3151380613935775,4.818102088610494,63.03384587802527,27.36877343696661,0.6669649592000921
1.7189045524145017,11.35057380820213,40.54249689757067,18.938436098349378,0.5753534989223307
0.8916244274523707,13.255264295146272,74.66577857926714,19.13468024069592,0.303040579484003
9.177002719843555,3.778793880252383,116.16776494320091,43.36099091264961,0.43055075240970175
0.4566611638240704,7.131077854728706,66.34656142895359,12.856806933471498,0.7733220425758446
1.3198849844315577,7.5791820540753605,16.28676063931675,30.34985224575935,0.7174434558187074
2.2584040803623484,3.5169472785196456,69.14073330489357,3.599313041347374,0.05163077319820242
5.459547446560798,11.651942197998595,83.06138865472205,41.13995994179799,0.7870770863391863
5.6247495604649025,5.921046592616627,115.89727869583793,26.052864226855952,0.799213334357142
2.6701243834223827,2.704001202836942,85.01154882565862,32.45330453131867,0.08672922810163974
8.631554143895185,14.731055120528868,85.95497899433667,10.10389561822011,0.2730827372909601
0.40481030367388693,14.528594566117869,63.72662149953933,40.25821337599625,0.007243254831207135
6.406717993214218,11.405783385234438,108.17335603017341,1.2203113755617945,0.7240025009774033
2.1377931293887866,2.8433528231117973,101.85405167900309,22.77837704183257,0.724607215394818
3.942515303150498,3.56520857357863,35.980154086092156,34.09665995948088,0.9720076620746407
8.073343935231932,10.818476726216621,82.5320621127132,39.01659775798715,0.6571122614011693
3.8812369614736135,7.702931837515545,32.239366290599335,30.544465238616603,0.620477223152462
7.271502773821289,14.225686929797817,79.66468623436563,8.20469054940347,0.8882526218867569
9.622092115755153,2.3758130355768294,2.869708702699776,26.372902591094505,0.48170233085117986
9.054642472772986,8.952051936936325,115.70755459652844,8.08704426569432,0.8715075580536162
6.988525204851717,1.7808875480903583,93.6111586152652,11.365497294585197,0.7227370370593388
9.617362457410549,10.653324204070838,94.27887467284955,49.18387227362358,0.02989379349332344
0.21097261394969746,1.118074051211716,73.76180741756271,32.27759866015882,0.20948787926117307
0.5985659277642972,14.581934079579948,119.53595245813113,4.960462306884683,0.8935745113660637
5.968691557948342,10.77310826484541,55.75806070912794,29.272086869420672,0.40066819460253467
4.340170007074865,14.730949646005536,76.92579980961754,31.625075252118535,0.1790527746567384
3.712892561254325,8.394647756411668,60.18203129981191,5.403865157890186,0.7558105870570568
1.7699559640414804,8.791034771919408,32.24693976599462,26.19710587393145,0.6137855855329867
2.3442240811664616,6.210800057527516,48.624484274054815,39.51336245833581,0.8360808164075725
7.720995026991803,3.6922275431995946,97.11765884728933,37.16040642998354,0.3674718772540385
0.642039452313467,5.018249832471261,59.14899038934451,10.602360201165368,0.5014988807853473
7.045827887403475,13.373394803329946,84.41318650779405,36.39811367703844,0.6458339892037994
5.317178763366773,5.948189930112041,77.4030720332359,37.8555166023619,0.9719025778910703
7.252670205277857,12.787034838584248,51.855490521946805,15.988235943051965,0.24159077848951327
8.41098306550547,5.772314722780603,38.10619325273388,39.891121793281634,0.18472575035802086
6.364209962740233,12.311266226944024,115.33981255978573,46.454128505791736,0.2588261979520532
7.75668289287714,12.504098834886767,101.18665163332847,24.59539869020028,0.2784160636626142
5.087384238527011,1.0010337302731722,81.49839579205782,39.652298281740705,0.19677911949763272
8.153175425760109,2.6135977841959637,47.75573659735787,46.372463375566674,0.8323530687176448
7.862994696173014,7.357204353642009,7.038230230538605,30.601452813571186,0.26017310856877573
7.1038372606042515,1.710400108808993,7.368314821509663,8.69265294386959,0.21023724398320953
9.133643929128683,12.294934424880907,45.76160720587977,34.279936927767885,0.7970334131901838
1.1701012651616924,5.435798061416509,4.892910072144372,47.011220174795035,0.8652149744492011
0.41492547766400967,9.014367641621973,54.38902312818013,49.79051860412265,0.15851451611934408
9.481356698457677,3.9581726080935535,73.25200059720791,23.839500770302706,0.93796231547933
4.483205410974905,5.2420849402622185,39.44630338040153,8.007280050337895,0.9265869291362191
2.151608767165046,11.167319768115282,48.126550190906585,29.21416991123978,0.4296130831852465
3.0644421877728227,7.688480237653139,83.00285013796989,20.88085363898034,0.018127986456853207
5.083908220480065,13.743319643460358,23.588183210679535,34.925267554993724,0.5949227444391046
3.581449783052941,14.638328595519456,86.22581423345571,28.631100946054516,0.19742268806062713
4.628626089205608,8.680646035991035,118.65176824208712,26.64501430856217,0.06750565821206989
2.3836673550432375,8.464249355235035,114.21570177089215,37.38453695732977,0.13456466200526052
5.1974246571450875,8.069051182030364,38.20098434939447,20.12084685232633,0.9478813305691189
7.731501142445064,13.4899939716355,17.59383630388657,2.9225999611521667,0.9672637404906396
4.420699522123714,1.303662932613929,76.96638721528541,16.99489423487223,0.34374238121950396
3.4216113525607987,3.851626225082292,26.564421555250846,35.412776989184145,0.9601210456851121
9.636974887972054,8.856410018061592,25.29386646291425,24.979763704861675,0.30665103430507834
6.9504300180855125,7.857307243192081,81.17148763480547,6.750241586711963,0.6338352507364586
2.5765308980432415,7.767524697991046,54.457234601122934,30.097042910349543,0.606198658086264
4.950033499641531,5.531544215857098,109.14227538840444,9.418395499428145,0.6586329865791549
4.838767653004463,10.985488861769976,119.1050786879263,30.0265797707634,0.0951557739944836
2.4602987552584623,1.8884969744022624,49.64413436879984,43.74888689728482,0.20116059893835114
1.6926261225968422,3.1600708256651684,63.90629636103429,19.01808327410729,0.41493220458616065
1.4063790834279035,10.47970540641522,113.26851871386349,35.4269464111666,0.20145822050091022
8.2565627313217,2.4883653473573073,66.06588400444,11.639119825083261,0.2927949197514993
8.54024616802383,6.17313275191502,21.89952976810675,17.02977977988368,0.8100433142600161
8.345327128046275,7.415250903555362,6.025989811972461,41.75785254766803,0.7525030006782366
4.241202578472608,4.348138797137615,117.14648206362422,16.14540293014996,0.11778752392649361
3.7154463132861033,4.438657191821996,55.908461654313186,18.06819645280179,0.9631739657057983
3.1542034389009053,14.090190326408619,93.09179504817796,49.20003118918912,0.14972922717126314
6.273048013744054,11.373812672275793,3.671425242610913,20.871322660098627,0.5721299539963193
3.976836999933064,6.380429195780444,43.888192913796566,41.16373966561297,0.512019985378498
2.7215523565434454,8.872707268643804,82.40981305435176,48.68576850881149,0.17247055059617644
8.39395822586931,3.089709929527741,63.19868828514971,2.4798723812396286,0.8480089362473362
8.31629207680904,7.055492540960457,89.04205364831286,19.586432467699794,0.6270033696955493
4.2967093919854475,9.189763321377603,9.328955949961134,48.722371009698776,0.31648809917990783
4.213787513640177,3.6015546752008163,43.06441331969475,30.028142366737796,0.730604464553759
1.9844748303914221,10.85988925253366,56.078628133585575,5.062874525535632,0.7179055295469033
6.252962151222234,14.011742215674428,59.35954776928376,14.774020100621982,0.2516721968056206
6.860589488007995,8.102071802498635,2.4301088853978703,6.824770101414407,0.7531571300862033
2.432310744764117,2.300546559938022,6.8093231920371355,23.574458456256398,0.8952838808758279
3.723535341199221,12.611487562358807,56.86934828128195,34.186813823460426,0.24981346510861535
7.208754215290182,7.474776042414863,68.94758390115618,46.81023031194964,0.010834843993408838
9.6231427035728,1.7297300104678943,73.07135991386646,49.29665204418832,0.35220279100385177
9.20689593107926,5.5390272563648555,2.1319001751135414,12.161903367770504,0.1630085988151173
6.962041085335142,1.458811536294421,5.018537815696611,48.008978184729145,0.5127654052604463
2.4245905317997676,12.39759562211559,52.204650093673244,27.325158334862948,0.3901282283014702
0.25245548857144107,8.437515289891827,12.454797600783474,38.28946113962823,0.03699964353584029
5.754856600918262,7.063316002614014,36.097461749291654,36.97409698394497,0.9075336322793892
6.184346256040412,2.7547101531648375,110.34715265336871,17.519818923044866,0.38257881433062346
1.7287113716245552,13.080364437148123,49.94578891662742,1.5685217551762887,0.7832251080926252
7.08406676381222,10.495257673530611,60.43188696379349,8.723802192839148,0.31937456819735843
4.464710036088507,5.472456450534407,115.06723025451332,21.01791180152918,0.09583471920393083
0.9007811664675623,7.922227286335957,35.65645850213635,3.0765574867974266,0.4532487781215634
6.855950321243215,7.981614060092896,42.20009478223693,20.673789611782123,0.0502335573484155
3.928255404458184,5.267531454606235,48.060851347381536,26.273388587823977,0.23745798739999735
9.680038051475167,14.2142735596219,66.9218101479039,12.640849536488542,0.45181709867521413
5.662944221529597,8.206847300146574,17.802019948275507,23.236587319839753,0.613045754617368
7.20788919841817,14.107774408012292,44.31411284550882,17.776366257242376,0.8998926677916633
5.9756165771497,13.613202426300425,37.49103498034125,41.421410252732876,0.4907083524083583
0.5052014730242577,12.52307688919378,114.11631847186645,17.0844993686894,0.33737967403827485
3.8868060912802758,12.534310622722597,49.50099379510014,35.7002056145317,0.9340866844728536
3.3155023445936838,4.660228247667392,9.049427293095729,42.694675411225624,0.26136066093616983
3.6207115544286967,14.962169650422778,116.01288983635871,45.83125237309796,0.1789635183730719
1.9421499243559746,14.983206966132947,18.751032391720884,20.673690066255872,0.9744594639190223
0.9117575043667625,5.771802035020108,44.22974425346238,45.127023736875245,0.9236130643378719
8.996291135483455,14.886799535673081,7.018401429791821,19.616280297357726,0.6378135608504155
1.3720915163129983,12.49139417033722,108.9441248436778,23.666371497889564,0.06269862546775196
8.428346595638159,8.235262547776884,118.94183108180331,44.17064596541653,0.43912192537246775
5.411337637082901,6.347349945694869,96.33354911172377,32.14864668875528,0.7008079336091244
6.2481886653046415,8.368664027998076,27.3210775695906,11.948995671204814,0.3220752321946099
2.513937854290221,1.8386187633500795,40.96772096949798,26.78284128235192,0.8604439110117658
1.901656228380077,9.829037704260534,91.68003079671097,13.12155023127609,0.714838810818636
8.75977530546066,4.0504604195046525,18.554670892081045,11.51309718369059,0.5147596635158752
6.843899452889616,8.660969087554925,75.37198736937867,47.56801473403801,0.27694222859126905
7.147572100486978,13.372176969220043,95.69832707492043,10.307929303807956,0.16505453597555286
3.435783182264874,5.747222072389956,69.53416221501365,46.20869963211888,0.23247399494702625
1.923693452893282,11.169059796518557,4.342816276721244,43.58876091808967,0.13359808785700023
4.175612622197102,3.4378769221705063,99.29153176966459,49.83898107982175,0.5916461944682684
1.1233524873213179,10.97442427310016,43.16458879698749,25.865701004931562,0.9376567969246425
8.634229700756961,8.331522924663378,85.94676929659985,40.03581518904061,0.9268498948295466
2.2672228928207274,1.4846551320869852,72.43212298245336,19.88705007515091,0.8360295128326443
7.36547505789598,9.193445447052868,29.970021630044158,0.2686309638857354,0.5094142019295356
6.680416976769093,13.737833498429783,38.72074339916487,11.640917142378026,0.054185919717492426
0.7516786266837947,10.725237175662691,78.62759324218658,38.55455764241266,0.2865246475407842
3.8748873726201727,11.86994706629391,1.4765968879574176,1.8153857534938367,0.08106827668144256
6.788249152436336,2.7645373293416826,30.7279169528856,14.032305691066933,0.4814925537224777
2.315989094563493,5.736951611898627,68.59924426886136,4.114895666975821,0.625708104533803
6.539673912489054,2.0010003366531217,99.59056606383922,3.8688252638077736,0.7263907309963844
1.24202540032591,4.018243521689957,117.04765196357337,38.000864858136865,0.1522030781271908
3.551190311983906,6.667739379703104,35.65877241908583,28.00080144567484,0.1908116970564332
8.651178634565085,7.649618472643919,80.31883945272999,26.20130651524092,0.7333847780191118
0.8592594126832028,1.183576845040069,66.98540035590501,36.53103298336872,0.13675247760076537
5.125095540045698,9.563002708905856,54.7210009474144,34.77491161773998,0.8477787712337154
7.446866048323545,8.35473122596047,60.2587394309814,46.83624680808062,0.3829567939493248
8.849066977951269,2.7649366976679897,118.57580289782575,16.91240955094851,0.4406206464508672
1.3689954953409187,2.215044089152247,11.438310464762385,7.691066330739743,0.7703541230769858
1.166496378868683,13.076832990925581,81.77125268821213,43.886871247661276,0.30851155287935517
2.064442034136139,5.3745442786264785,106.37482788750458,13.253100039510162,0.019396690083535506
5.125961501373237,6.6637511327806545,33.390083112048494,29.261877951670684,0.08028946656839764
0.16566082172625435,5.325631932744378,107.77149207247727,3.0513532809954502,0.01898062211542928
4.416606335613134,11.392967385189099,56.44394209849744,43.70292173716033,0.6968900307431191
8.970908376723958,4.186892832580289,46.790805209316716,28.03060963435663,0.795112433335077
0.6124968627495977,11.609434949124072,107.39956249789788,18.05918647438119,0.6866675310291112
2.2783767539636837,13.707349280344152,85.39380367169753,24.27760158784248,0.470128230467884
9.067015894999232,5.238362663252442,96.81655109068107,4.110947445852492,0.03366080753466805
4.239442035195372,10.769548726361084,47.714322261918866,28.7170225716073,0.8597282065708831
3.872228147625007,13.051308710404161,15.50456703098619,22.101211948411503,0.11232836473561436
7.7618611229321814,10.356279981757233,77.94912708821352,37.5951781357771,0.788025918272484
2.0789125258075556,14.502487483271985,21.77484043216477,12.043438993553812,0.5974398641312989
1.4239857502519868,11.331574241148232,90.42731102276669,23.301009570990665,0.4595649878182363
5.752693640485639,13.427757526147774,46.780177214767825,12.74728515237576,0.296856305465387
5.482798163270261,1.0091519930411883,117.16470009952353,37.36555514238356,0.9680405066315579
0.8660208669303744,10.967622441777536,119.7791625486737,34.72768307414755,0.5057166285932074
6.327617337465451,10.733063481914053,30.059029521848288,28.396828847907884,0.042607112270601544
5.287283255103036,3.1365950623662133,71.34441184993537,12.80372839162322,0.3813718416246148
6.337429036878858,14.12518430606488,36.26049544631731,45.98839626964631,0.9665213746927097
6.8129400234671005,13.556067906838088,113.52959205881383,24.11957646313261,0.37692298500665355
7.58565685086702,9.810015812921007,28.282414409400133,2.699617899080881,0.23549877556363719
5.122667911849887,10.254423405992437,109.60969149975614,10.78396606697279,0.5570887618837004
9.582726080946799,2.85803521296986,96.1145114585657,9.257825162642936,0.09174955826334064
1.7094203255777252,1.470235732784102,100.792869975438,27.01702522973092,0.660813179466182
4.843033726334175,8.881366943034617,47.40578434455294,7.672861955105442,0.2578088155516072
1.0375927905065403,6.966901525992549,102.71991299464824,37.52631748413289,0.2799869370246907
7.016378387788615,13.686987043693058,0.4903781729514334,3.3627806807948692,0.5781541399692955
6.43356350087975,5.625482502565841,117.16988397812473,45.23566789483172,0.5667409805281981
9.521407425197143,7.428279784924731,72.01746646832954,20.74721803783729,0.7088419363991587
7.682668518990946,5.12468948724398,20.624080179300034,25.655829361590467,0.9894421596186085
6.834502245464884,1.060739577952541,8.854819812319693,45.177372209672214,0.3892686309572877
4.961736800317479,11.467997866141676,100.21041896092453,12.074622088887981,0.4738722899804506
0.22714013976580683,3.2155903873711034,35.83525542737354,37.28337261783958,0.5431235042405119
7.791576447985394,3.908278930723486,79.5781091004493,8.910463237947058,0.7733392017242842
8.937762416499183,9.592742039868222,94.51649248872025,7.128420924370438,0.2469133107995929
8.15464059849176,8.774436677184926,24.02712545080409,6.076518942342451,0.2667943126796709
3.8245986877570033,4.943651590768256,2.944302849128997,25.8157840601905,0.6014863216919172
6.3961286991229205,5.887805227232743,92.01239954698411,16.127957199396526,0.27404378928793793
1.9231733269485327,12.14216318182735,88.50295628361926,37.67590501521224,0.1570951776754258
3.7930151929142024,12.207445098859578,37.65817832262721,45.77886087398018,0.04321471978075486
9.42514234835984,7.385032702905542,81.96513390779147,28.67849934460477,0.882729295344229
0.526999409474529,11.445351908548881,102.80498085839885,27.133208294168714,0.10255924005685535
8.08084922628432,9.154810070838916,85.33001286243842,3.511295084192806,0.6150975574580948
0.6346215598823737,5.805305788227355,0.9843901954498158,1.082489669628206,0.6639548930104461
4.220672091388202,3.5739800118184424,17.694259665410236,16.801721131801933,0.46939951173852734
1.8285142396514384,1.7990491107686633,52.85998005502934,46.59075910446849,0.6890400162114366
1.4747552211695067,7.0211380189801424,107.24781461106006,18.599230731980775,0.15249144860097652
1.052236672066579,1.3102427624495023,14.19188627730556,2.9356474550910616,0.5955239514406121
1.2173240146832618,6.948627224190728,84.18851680522768,21.42824124230609,0.29381723402721016
6.9730592251826,8.415923374565832,53.20103376104545,46.0169718625742,0.29247967075829717
7.753968951056193,8.425548146844777,97.93203743320011,20.545018599875743,0.5499789188430575
6.082785749485305,4.698770405599397,84.85413519891571,24.780241957522747,0.5680268634027679
0.2268443794450824,2.116616439915345,79.75328031044731,21.93982200438846,0.5771881440157459
5.9170010048392925,3.0315742531190963,29.18446598714339,37.660466050766345,0.7423076175776706
8.350341687622802,3.7238063487402155,48.89717103593867,12.722013020519979,0.1324723827481019
4.282344486688187,13.631740673843924,71.7624466349802,29.88129946043353,0.7286651487398127
0.8817154126103609,2.0867444740902226,89.13504029001687,27.996151213479475,0.3333113797981645
9.816406403440572,1.677972215715654,86.26411301629996,28.909998888395837,0.9980808848787068
9.360142988553314,8.049125530942124,110.01089333310534,5.923207178588669,0.7613643666398869
3.463531698547707,5.586827419052586,50.69717216973978,6.124168097203075,0.8813138229355206
8.628388147839647,7.576483887895728,116.08667482166285,43.759381461256794,0.1034991094267439
0.5508838214124097,4.198595432444558,6.797258829513679,27.022942867255185,0.18866626065513992
4.763325199218608,6.9592950322464215,93.00388886839633,20.577542210070227,0.8908709710232214
4.97692147256256,4.700330367959892,29.61645750266004,30.717394336306132,0.6429559972778633
2.743709829067027,13.574156739569291,52.39294214169058,44.724179860309974,0.360749764396461
6.762612863655683,3.4961257324951847,27.784157372643627,47.1308541884958,0.7991550837324756
2.38913806386485,13.822641335784482,47.53968561508551,16.64938665367009,0.5141763560320659
4.1428344433626485,8.609569541261322,114.697132038271,8.281676015607282,0.9902879315274251
6.731108999534293,10.59655608876106,111.63779103637461,16.8824068302589,0.37919161828843817
8.616820473887813,2.049037221181209,16.327968392187913,5.188364842823695,0.5724324403974472
2.2173739327871624,3.0726277973990586,10.505329543215897,25.63162258588533,0.6807097673991104
6.751446769455844,3.8751600084180122,105.05996616380293,16.43650973378388,0.9192660597383978
6.16682233203696,1.1746927028565604,98.20327417490739,47.93504561122833,0.9265418823944811
5.460432658944024,12.056136660253019,14.629937216518414,1.7043724075516742,0.23360626762262848
4.475268978174561,8.899058886254824,79.58456902834405,18.678552711753582,0.8111808510209787
7.044375103826427,4.5552379092976825,93.07085768443596,34.6853121198912,0.31666771520413484
1.1008393937711634,7.068899021345898,75.73906167426475,3.893445258777101,0.08161606543907707
3.2694284072284634,14.572538844201034,84.03314075434498,45.25070550175014,0.9277815809223536
7.055372334437651,12.988072017742665,12.393309620896243,28.033563359513273,0.5557148943802557
2.4360996771852275,9.322889836793985,59.51599030669467,19.854125360216884,0.38348924050641453
7.529333922737589,9.576963370159241,4.887023486902877,24.55331576662474,0.739862400707087
5.162659259502413,11.379404019028101,93.60933732578805,33.09300829402163,0.5640813224722897
3.7802618501421454,12.630601318522107,32.90856422203853,15.079682762431085,0.6856376419785452
2.517095974062832,4.183907910894222,104.98423197558009,9.029279327312107,0.40737706141319285
3.190048975145898,14.099184076796133,6.383842754910107,20.970711942821644,0.5747425250384399
0.6519743958722394,12.243093428571319,48.37812835532483,12.704746006587392,0.47417112284297
5.900694709622347,8.08579750925327,113.86203828482479,31.41586952757428,0.10887910528311961
2.82275478947983,1.2366317765035777,87.69963497747146,37.149569044648906,0.8046554107895357
6.979050915552132,1.9812284957207251,35.3610476558959,44.20835566196606,0.29696811250142385
1.6189468374683502,5.77415286412473,12.54757773765931,28.23303629540414,0.33511041877808057
1.7938572575419598,5.340277347200115,59.31891303843814,33.698977013780805,0.48894627787302913
2.0194660219371436,9.46325001077916,117.6195375327081,23.15231656675461,0.08889644089183513
9.954494869407156,12.23912211434698,67.38374289724284,9.18553077026904,0.18190581523133975
2.666766798859943,6.943791406193073,56.52890452239012,23.800198970061953,0.8845449841033369
9.506068302748464,12.218063818129236,96.68343437183819,42.391281809417904,0.15775433401983707
8.87157593678351,3.5513893466683464,29.89612570335343,39.4954288744249,0.9904757283700448
5.6252183189672795,10.5480123157095,3.775627424055168,35.76690862364364,0.38399504111407046
8.114808566836922,4.111287840692744,93.28250173822337,37.0147905898131,0.5931214718822326
4.336043897725054,11.422131137235182,98.8707153032892,46.46576532591497,0.14278741256853178
4.628780600860555,10.606086169045298,12.938761426623406,11.397879024603498,0.3101400620683483
4.724990069938642,8.163485540600812,42.0818329825433,27.265139279111995,0.5092904260237578
5.509802531999054,1.600628812840849,21.035499351541283,19.147752317698284,0.37891802307686295
6.936932889783399,7.345943153555819,8.519119831175836,3.4630777964484216,0.14596635872735608
2.6252868259336837,11.514156245264363,91.85715414677011,31.90268133571711,0.18778617909254092
3.7336930002250317,9.247553857932024,33.89995177964233,7.081933710576416,0.961621968312003
6.026336671961143,13.084329194972735,83.08498413075961,10.838246398259288,0.7446742343826122
1.6184824366169723,8.420070216376258,30.834068053226975,24.42982449765235,0.6085964283028477
6.124768903434474,1.187472040701287,5.945913488469672,9.38733416544678,0.14617963294887415
8.319503522474838,9.529815951698602,81.7943459278256,46.89679190804927,0.505809793677253
4.392493159466847,12.448595045787956,84.47068639925227,44.03911397593417,0.5985110061507852
7.449525164117251,4.600183644859294,83.70832033658839,33.18017663185204,0.4855970049709347
9.690262793129971,9.082633202925036,9.813214146324878,29.38361069354245,0.48034610096699326
3.3433580909337426,9.225896795926337,53.94524948247391,5.8034313407769105,0.2470975828371289
0.3307940055092122,14.375695639660032,104.0265644169528,10.5882000154709,0.389430656577171
2.353510968527316,3.35994388432083,82.61154079552583,49.58535182776082,0.9845910952860071
8.534355591523983,1.5434858980362216,53.90512887062884,15.134571770155535,0.041670878826469804
2.6960577927512626,12.936024980711512,48.99714703276168,46.39411729193239,0.0037057596960865524
5.7818334921366885,1.3644909814658384,57.22522715211872,3.6015226130099167,0.7858577727604991
0.6823062527144543,1.3640365415414912,23.8815375273574,5.374063673896101,0.6977967042904379
0.343814335943448,8.30965234478774,25.897464051313314,33.27741177230925,0.9967333545841753
4.218436988484166,8.890130642277,88.91341121625547,38.912794999105685,0.976954631888563
7.3616583288917345,6.455817508219856,119.11043865421827,20.061591841401306,0.3371230379219674
6.928466439464858,4.714445577051764,48.65499994155457,20.96425657814942,8.29561086967967e-06
0.319051724846066,3.1612286869903867,33.606638404143446,14.735324862909478,0.46345018311415365
6.9515192077795875,2.5165972733174105,35.052251588213466,32.58432895150349,0.5284613792665035
3.3799753366106815,1.2880375950510392,114.95752123922753,34.266727608321276,0.7976221145224441
3.1244592726222247,2.4226611977966126,36.66926688316639,10.53961804321264,0.42392249273368765
0.1356794001128586,6.683985763101105,2.8696550407242727,1.2143327668300063,0.45426313519646055
6.4791113886767295,1.5283493244387747,15.298796039952629,49.635745830263005,0.03063638830090354
1.652316269300735,2.7558424886495683,51.88284227851737,26.14674363996278,0.17510430212205663
9.567706067762211,4.767740018675282,85.13777871044901,15.718255540544291,0.33462556378109953
9.948741364261274,1.6121494399188172,36.01744476348834,12.749850897167846,0.26473607388454945
7.371838762029251,1.01591639630058,7.004657825677132,17.20521876731481,0.9417736873241003
8.223686535189781,2.2326939071304683,83.92042715967456,4.404295136422376,0.454840553696397
6.106329126048025,1.085220131034541,79.43165205927326,13.119023069807806,0.3292383759926747
5.081751818108673,13.15286824396065,117.9672663953924,14.772935494289708,0.4537442987628557
0.5149942185034544,2.8065391329971003,14.698513677044733,18.45336324805907,0.2754323921499542
4.986089525490843,3.917008139047802,25.88141832066722,6.899823284264672,0.1683155301832201
8.32854744480803,11.121094091812486,34.47602813976348,10.22871022260199,0.1484679783186339
9.505823712332253,3.880037731011989,85.2600908907976,7.762378372734796,0.5778217662230791
9.01028061330996,3.3373037725102845,6.337386916577925,16.55623459822969,0.8627893727651491
6.625229862254669,6.045484179898741,112.37097267752632,19.322268207255938,0.5309588688192354
8.552229275735792,14.854967699305568,67.81272446658673,5.58242887129714,0.2419417627696281
0.19947302730442462,7.188512657516435,93.96900632723855,43.419833156825646,0.67783985615479
1.9457029050881818,3.5788017044941434,42.16710725429984,45.31844449350231,0.1823027451392354
2.3934707798352446,13.954140006438472,25.673280235548038,43.96024318481575,0.3738039656092569
8.503768791991265,2.0044253552790425,1.2276143311317433,32.04472111253616,0.8283034543573539
4.568773018680976,6.9199370443250405,35.90300726252594,40.48441782101039,0.003060179349297032
5.845584159396932,13.548882881331517,104.36250334992597,12.684503957833476,0.4283877026616494
4.426366651835946,11.957100273501524,86.54218313120299,40.34502196965198,0.8928323493553761
8.457010366171781,7.145932658644324,54.387469676888806,22.57583924029306,0.8194354266446717
8.73989846146355,10.564761028353999,9.90826955706924,37.86050631163515,0.7987682035098521
5.563083917071067,5.822924138115618,80.29160000107115,4.190382318112718,0.3818999721369418
9.929128586786684,7.01886881410277,38.586111782995914,8.363973704774896,0.5614216551701793
9.858128291083007,12.363281293411475,92.16626906253563,16.04627226473735,0.8910072740518676
2.7289964412691674,12.543167607212462,103.69640684847937,26.377265261858625,0.043348000453359514
9.184559090845164,12.060855012549059,6.324565578650376,6.913330839543858,0.47265781035093357
2.9002732623860137,9.015953863873339,12.147072137090156,36.54283683761944,0.8209186915477039
2.0279154762742126,6.0854242842635005,86.78696539224684,39.81059266005301,0.5961981989883748
1.7737345631519255,14.999739308330087,88.35355200695051,33.30104229429103,0.7182529132747384
7.842809886424935,9.762765693448415,47.11199411830069,10.464078203593019,0.29607161296592943
5.147505004212915,11.290284672218483,1.1956383903118084,25.91186605454216,0.27274084441920754
1.4856543970629088,5.667086595510273,100.32381904181324,28.244605592734885,0.7445143149169547
5.459179561986823,10.427836817856598,31.883018717824957,30.361464531145476,0.3129042471635486
8.25893769358603,11.242695764105713,33.243818155826325,25.31524499209897,0.38592462384413884
3.4569097334820538,3.7338070770131706,26.506805749236023,3.467211374483586,0.24440264657610722
4.70968593777044,10.654889320276482,64.9248641908626,15.0379973865646,0.6858875286320477
0.17946611222436532,4.168489448565655,30.576768410881474,46.74240618354523,0.7618399020319263
1.6935411037693495,13.566989126770252,36.40075060480156,6.08661454945103,0.8602232901789529
0.8438873312382851,8.302344735782548,111.28518623930968,16.981421641557848,0.45651188358702044
4.820744683721173,4.323997486046449,109.89999327707649,32.26477452770216,0.9281927899221145
3.624655800743386,2.6456519018636953,40.42003789061315,15.311520841200272,0.5409879041890927
0.9258281554484096,11.215763933226668,37.74854616508015,28.182926748730452,0.0903429917481644
0.826332263012662,9.981544633946148,118.73430109039523,49.37967791078857,0.19109461107873316
6.101688838796806,9.515594264387607,110.45994530550493,14.924724985563692,0.8786671814922516
7.840218509851874,1.018183964504498,20.063629019236572,11.294117739346449,0.1620469968027758
7.681989926771486,1.7621359280779123,41.616355140326014,15.774147810369431,0.6333678468094213
7.294277325552338,5.5380603821175765,26.546317399225003,0.07695045089546881,0.22761082314677583
3.103686781667985,2.13928036980473,60.88028716587454,14.15027573420356,0.873140299921365
2.704953917777652,6.24616952042753,13.138607310952345,48.595267083923346,0.1430398379952209
6.185019329385633,11.943749496275737,49.958408868852175,45.19614678143351,0.9924103004379187
7.09998685237003,11.864596740371598,32.6971608781177,4.367528077815486,0.7564205256136933
6.713365702439297,9.800623263616558,72.31844861045502,20.794639902291294,0.32503654033574214
6.9085010374147435,12.859865892444267,27.50977427430567,30.126561867171038,0.898270045756477
1.5359459178306623,8.859899965398153,10.61088452578245,15.774370536829924,0.24514791259595226
9.475114592995945,8.474073819225078,32.312208079067894,26.74560809740012,0.058475874734757904
8.630126824969183,9.66651294845042,15.054175434953944,13.608680842700844,0.7193301278391897
5.522831510069986,9.3198473566178,56.923234030418485,0.48501219171563914,0.8244419674318146
5.903892772962491,13.460712855083548,57.51307896343705,6.518737068881903,0.5842566670351559
2.019715754401899,1.3582368537360057,67.79582765511242,3.498228695416361,0.06536043659829083
0.16798407144703714,9.507499803764484,14.358831605483587,17.649381848993663,0.511601289426605
0.17808179170769145,6.451161335597176,16.26093279768093,13.166169422993335,0.8481528600003525
4.051500897682125,4.186439325288547,8.021757156173601,2.334905972354251,0.39044856001265693
5.531395242512869,3.0399030729562697,71.48145482647183,9.975705438288108,0.9108424579795589
1.7433445077093106,8.576383100599882,97.61763488254194,28.31033257223114,0.8644538536998132
7.608398787512978,10.345542782702458,32.100200812781225,47.81501402365078,0.3264712725346205
4.914336785579626,14.055934336101325,110.79194407949754,4.216734960121704,0.38769629236508496
4.53615745867958,10.415513243059195,15.016086429591162,48.97310290240983,0.7649902615763151
0.6045987361418623,9.651198253455087,3.479614234455668,20.844771923075417,0.20683854878437657
7.8343031452847,12.11480752639536,71.02245104402516,25.693437743971227,0.5296543737463746
5.03431966357351,13.532496031433334,88.66337322918031,5.983822182335091,0.5204164316017443
7.050867136103408,14.21637459487,19.579901444068813,28.79873443979099,0.013511530193218602
1.1932643083354053,9.38581200954133,114.44237851641596,6.456938080221675,0.09733991987076718
1.1472164409080918,1.8386847024885757,96.87300576579207,12.887720619898102,0.7566909257214888
4.378122811142151,6.9121823970707155,33.227704711380646,40.72530120790614,0.526061924040839
0.9732572762682488,13.586749679067262,0.09618718228386225,18.63675290197982,0.4524420694602256
0.4547299588251481,1.7766794994611075,74.40319095029112,3.800202104008382,0.3527886702765122
7.612120939253771,13.072462758131454,16.015110823691998,49.967259025059114,0.46034804339413493
9.22176839577987,9.153744585755906,89.94968203874265,24.422212895686602,0.7733241474950818
5.3404163719427356,13.925984728510427,69.41228474320509,38.521875489177795,0.17184786224334858
5.278986831938071,9.391285232910167,112.76584427101562,22.847939879645622,0.18165183185314882
1.1204993398641736,3.0074462809412306,51.154653306969394,9.403638115088969,0.9366736484594137
1.4144125002250958,14.603978105380387,86.10085934711446,32.86414692184577,0.6652006344361782
6.122926791467022,2.450166002124467,22.81702355276134,29.485759658644252,0.5406393097322583
0.7043197368474398,14.175083304256916,61.50091956887571,15.672539647151023,0.5242921881878494
3.0188467056818524,5.607476184066681,36.68976145228743,38.62353404796587,0.7484314602143997
3.177603011794355,8.373479038268336,91.50287743388684,23.04304133212248,0.1616450600357242
6.52721237195953,3.0630493705817488,30.483602039766833,14.407586502337349,0.17539774554204246
8.561809955086746,3.8972486934188315,62.98216039344293,28.22314409316714,0.9898613705390986
2.4523796817828476,14.77322699654415,75.81229494011845,41.86622955689462,0.11469112657749625
2.0450682381041374,10.325556217684838,100.57485650178855,2.0539760008566113,0.7331830339708035
0.400502735411572,1.7189899306241898,14.32026949493972,27.64078035374328,0.19406146662293022
7.253047516982196,2.5209540776957517,1.3887077292093775,2.5567728819449576,0.9861322662471441
9.62904627624978,13.247208083426196,15.670589142236935,6.742136200022059,0.15018310023038184
4.669893502921003,1.7901717592866195,63.86883534775081,9.57513029001975,0.38468469629192825
7.562843734809657,6.557615359137778,106.66023545453629,0.5693967953411483,0.35289089583040967
5.154555290510775,10.742227187132318,102.59860335073635,6.950800405599705,0.5351866450649332
1.5333876872650443,12.588792487221351,21.43409238234039,37.03117440102766,0.13904116420241208
5.050843207514691,1.2624383356708966,74.60744188496518,36.34293066284336,0.9309769754183145
6.500285987457822,9.633151053861724,92.51122962280601,4.782092554523571,0.1350088240697349
0.6372691476817943,14.180817345011448,29.61237808585515,2.117740295447695,0.7511319226293274
4.00772666535133,8.251193505771129,73.97832671683653,9.645580746164544,0.10713883834425764
9.182877307373337,6.201760749379496,23.526240806707342,45.706672281816935,0.48558744093529926
1.929937032404688,5.877214868826565,94.53035750104479,49.69653256928486,0.16692560062898942
9.006964394677826,1.0296616898258153,110.1911816936486,12.610613333581677,0.869924930286829
8.627962882748449,3.313973092565096,11.800833556426316,9.21612058070052,0.888948324683794
6.482107107950495,9.870303555271082,0.2710841127889507,37.30110779328542,0.05387183469950607
2.495085346312422,6.989795585912073,52.04776932575258,39.697620156007595,0.28307898104341256
3.3058626091147256,8.585768475799306,119.76713112641369,29.834637771478423,0.6046435000397065
9.998086624950435,7.7169380195029404,39.66450093102075,47.74268086441556,0.8553639245869595
0.558558964543014,1.4787790263845966,91.06456524052038,38.46958036753201,0.35666864126440556
4.723065390344355,14.434345290371768,10.792694956280119,32.11201308930475,0.6108000320368325
0.386355317616372,1.9173859761195053,94.41541870316195,0.1629570305137107,0.6388417991136561
0.3647077645843242,4.390831514606399,40.92262724494742,48.03345713004573,0.6271591333354796
2.6065719062240658,5.521227804715454,56.285743640726466,44.67605556221105,0.6844415991777768
3.784280672407123,5.777395711629738,98.77893783348935,4.076323880907134,0.7077120879889066
8.817059169704352,1.3718559307870775,26.782000215754927,12.427407390598265,0.14388415149462408
5.502028313761426,2.108376973425059,28.489395985390196,20.224388593689042,0.49773362352666495
4.9242164348967705,2.1805282206467504,118.14425969718718,22.46092805623417,0.770939176671001
7.3079783196380195,8.538398827568374,80.88540198678677,5.512339965193619,0.14175179597856158
7.750078098970854,6.45188154053467,38.08453931181173,24.648631869451044,0.12543395817611425
3.5472076186560852,13.68238027463627,78.2983666329925,48.89702310031674,0.9816768232581854
0.3299602564654454,1.6205644202750575,105.33053567645851,0.6352014260240901,0.12650172615137345
3.2449048706623853,3.7287567472049536,6.1158651418673315,27.947078388089032,0.6256307191737274
3.2191354079805032,6.550332920439068,27.892698925559767,29.13834957987148,0.1760174165052405
8.620514365662858,6.48458772991973,12.766496102029476,19.329683981138302,0.7392939152581597
3.362200367946264,10.435044095544,111.68141547115539,27.48855456750488,0.049819587731333104
0.5629416297394951,10.393328291000055,50.74203879050104,19.06002835099667,0.19633769716622917
1.2244506120322478,10.482120861069117,1.2752736527633024,36.36142403661624,0.8534655313646531
0.6739122760417583,5.606066589413441,116.25309483833072,13.871648118021652,0.3362098716113716
5.765546674395218,5.924111355400704,94.04687713076902,22.979547352565007,0.8975346851160549
3.608267930012544,2.1513954803502453,36.96846560995402,47.348155909879786,0.3234565699102758
8.583415028120374,6.165452201523074,53.49655777709673,17.411380519631948,0.4342361913007391
1.5145441240831712,10.742976911621884,7.925953615329608,19.41339844684856,0.7484289630090305
7.799164276397168,12.839759274928216,77.05375843736437,35.37400550052546,0.5940527980470515
1.4431387324681761,10.674659460515507,32.9966248346622,13.241473267621329,0.2042635744710073
4.9172638062910945,4.840004521132128,55.25800558541165,27.56769580192055,0.05806849080769316
7.854638537368103,13.892094119068055,117.38173442362942,10.961919686205817,0.09754069915186991
6.907638776118059,9.459889878371346,113.12562824633075,24.956577245550054,0.42894481855293776
9.25425927809266,9.825435896676595,76.81045024522965,17.929569829990022,0.24639981020763524
4.224268656547811,13.870779895004869,111.63845904603758,25.822112842802785,0.15705747970993467
1.9760015681497949,3.636949405369097,67.64843309254356,47.973297471270605,0.900936527017544
9.037522344829817,13.163445262325949,31.441627828858124,16.432468855372512,0.2528458084593508
6.692820656691372,14.545546598451342,2.3928065243765673,41.841930037997315,0.7180507138869304
5.424451261070809,7.896061003306533,59.24430578463893,18.032295814971995,0.833115287423039
4.633987100020852,2.629840975315683,76.96444941732621,21.77439046916835,0.47798160323151395
1.3763338266098966,4.075037343858213,44.27363283312813,17.603570802488473,0.030015588396882897
1.3153111393188661,2.2484652844190633,80.45385944017701,41.17772669949586,0.22975824145676838
5.966867335724609,10.473258924773386,87.04329069644635,7.060659719816331,0.05004573413196711
5.915868836548457,5.278160159490268,27.044605619193973,9.57631140399653,0.3776842450485186
6.315640270619426,4.219106868894558,100.48557035302197,40.76832710996659,0.7268022832251954
7.8835341563087535,4.089550581135658,105.79306735837473,38.03403311450566,0.8570025860592246
3.480655397421858,2.948907002463791,38.00585508176709,27.120554700212068,0.6656469758403502
1.9078882578006113,9.380563663138611,1.5998795422555112,48.638720839959774,0.20362151765530334
7.526426551193164,1.9585434176762087,37.82814542033102,44.899925156448184,0.6910903970454992
4.539808320551315,12.381513138973249,101.93887107270507,11.945130110276914,0.08333303421869842
9.086521786293986,5.625780935296313,81.20221494565375,46.34167703053732,0.5404456409850913
4.0402571540271275,11.956462812709225,94.54048554929541,19.710578205589574,0.5448023479571152
5.730750958493229,12.154628165413042,96.62506959397453,1.0977220048298153,0.3348392398801713
8.903028677172397,10.03236574728914,80.53740538621739,11.882469074310842,0.10459637405449318
2.633819840890597,3.803706962909553,46.012451925608836,31.765795954637134,0.9100353235477154
6.20581239206929,12.105925711354761,54.66671703234739,1.550043636690579,0.7541121887930403
3.548780541191084,7.729992879979296,65.54517113447396,46.71452131316682,0.6796230324129469
5.292153109233624,4.873850766071518,19.719975963656935,12.387997748481238,0.9794968589428916
5.9166277237745035,5.957929351559652,43.35757731532615,5.473073323834537,0.10830868451697617
2.2063238650096593,7.836863155029676,24.864891228030686,1.908439479401608,0.903116561805371
8.290639316864445,12.943142605127976,6.639983545303809,5.238600883574734,0.7181591935756867
7.578285133170524,8.956351030017007,80.35053605781715,44.68635624189389,0.4877605325814426
1.983989110998256,10.069025208789723,111.26532202382502,9.42944517603434,0.3018836454006585
6.306342573891191,6.139004677104046,43.67206153144905,47.85037827567373,0.6444641459161378
6.00227809877358,5.793308267882705,101.26542491696216,1.2979011616471692,0.0910154919368561
1.8411961758715616,5.591327651887915,72.8630202748064,49.35563374165205,0.9844700765759193
2.4494081473989033,5.426803763661108,25.60114238059883,42.82810606306619,0.38966561792252363
6.541928379048745,6.050261115632142,39.27544042619808,40.09811930949474,0.05029492787472134
0.6174363524705664,12.65293901955293,106.97133346240417,33.60477767754419,0.9032309156519535
3.366556238304284,11.250898709551034,43.437242041979914,32.229831671118674,0.03434242691258127
3.3347678541127217,3.2004878125990865,17.880220521371033,4.816316837963014,0.7151107232945778
3.699007999540167,13.80680934407084,38.10361171604158,40.368603612241365,0.28695883685010615
5.985830044820808,5.639108558784973,107.48345552402867,49.20138861136299,0.1696929362207822
0.9038305507634887,13.634343307002197,26.702881617654725,29.074502920847145,0.1367954140931794
5.202740431583024,1.6902004983368835,118.84074744421045,12.841949180121375,0.8469427511119344
9.05640885892102,13.585851908915979,87.71519901467536,36.48332290843522,0.022655261242901847
7.802708816701516,3.7512821624848485,6.399403452335921,21.476888097696417,0.01515507931545379
1.570385343060738,5.516557705437606,118.5311748987826,23.23437809879198,0.636509926249388
6.37773299590335,6.376527261382995,92.65108332090504,24.33707318203747,0.1851559538601446
6.320690589069465,13.781422456112882,115.64800030758379,49.79921488798596,0.14747489774488443
5.974218194684762,5.188965991337504,50.03031960022121,37.2444766070936,0.9335674758219625
4.479532753402714,3.9753299711425685,97.12380954324928,19.98711074218721,0.9392039918407129
2.5213364546844423,13.754345084148568,96.40375967699254,3.7396640077885346,0.9713818276752634
3.567135083953125,8.45418000346248,63.316328157780276,7.904421849893511,0.1682920161665784
9.147340267637178,11.846288479994028,0.030189928730073312,35.20625271054458,0.1490033457260841
9.612009654927439,10.135541412474845,28.61542578356238,21.07123249797094,0.5479352510841479
3.4996433731256076,1.8923632101653576,24.43177187935223,2.0312374683559176,0.8707582296771453
0.8723458308778447,11.296142546219734,62.46588127929381,47.17769961674844,0.8946950662386216
4.787513332029344,8.899355714453149,57.51181234735661,48.038499196437485,0.23343547117341112
1.8848456352393468,10.48754335787823,44.30555216600002,23.25726435149025,0.02999557863343083
0.5039247749971916,2.527268747357826,18.83518637369473,0.5485331013074912,0.01550199376331396
8.989782106222354,6.498324111551357,117.65428981754998,2.290728879477255,0.21610762833816943
2.308517701398368,3.676530571937773,48.068093409941454,24.936612985098073,0.9603749514328652
0.28187265369766973,7.340229837116181,114.80124445531861,32.33529512531924,0.8423249141140132
3.008534086194505,1.858767897417402,18.620804714101276,2.2308531757708474,0.35817666207618537
7.102902996191662,5.530647187705775,14.380345731475451,12.788456253456538,0.09988266528640077
7.718684642746997,12.626739864356637,2.4356639597676777,19.57892583193531,0.4239758032403024
8.16142704751162,7.781352823937599,58.081788808963594,3.673197691274721,0.16244174401197053
2.504586178764929,6.254982516598754,64.5932443140072,27.3171721340375,0.9242222893804078
6.74294119733918,10.459638417305356,24.188363124603374,14.277876518897592,0.0023460256080733988
3.6389615186429056,6.239278902289693,101.03044507389112,8.726398404191176,0.41096150784626573
9.976165337376464,12.083886816307434,97.87576745818008,5.761676202184979,0.016277630737789428
6.2093936292910685,10.384714561103198,30.71907631053675,32.56282047262746,0.9145908347239249
8.512826887221578,8.9741425801558,72.17043386751043,38.132612255168716,0.4782990382797422
8.190155265035575,8.131808912832495,36.362432014353494,36.57677664450785,0.7794146084130557
2.255559208691095,1.4182023033152011,105.09528156911477,3.300177145791161,0.3504007470582081
3.2241625398720872,4.425229840793213,20.41706564479413,1.066169159659519,0.9710058264263173
7.8070696253969,4.550822926404043,13.172216673558296,27.87431352377364,0.7034562284139269
6.925437973550103,4.351692858551523,92.61957392004604,33.4548124706855,0.7783427835049417
2.0524504725598156,6.372914126626414,75.97511271881426,1.8216898690840588,0.40022930603398776
8.211681898938835,11.919653917818549,105.26308882898127,44.875467418636134,0.13011847800147847
6.088542495246952,14.77075818802441,33.18299430925312,49.428138687672096,0.5493729973074504
4.415821995135769,13.900964855087972,78.17887540950744,47.23032385977704,0.08984474583481994
0.4214210519542554,14.461159242399216,42.04554321597729,42.311607003956745,0.17898723628735658
8.544800746997701,14.077458285283978,64.22975821655803,28.857771277211285,0.3199637198077979
6.616088390594883,10.226472473779289,62.931622070225345,8.500005324688148,0.25931715215607476
6.92098562253748,10.625020556164449,9.238472912853567,20.565684446006305,0.022972585258211442
6.339542885063951,13.82450535510904,108.50536382430988,46.87884920558712,0.7793404441444886
3.9845318955546394,5.458007933084915,52.78716121246784,41.75892491479429,0.6000997112803252
8.217560388452537,6.207522644339933,38.52891415596361,49.1028448849751,0.8520780899512673
0.6498265438591918,1.8950249688857632,81.58956006365335,37.71805668749935,0.4878631974144392
8.334308911754972,3.1047813003929603,67.15254711244314,18.813371788274384,0.9844459327074951
0.4383642620026398,14.721018244481094,52.89285156125404,44.31266919748109,0.8923337320413985
1.530908094973116,11.054730035307964,46.908371171522624,40.644768921102454,0.3093142244990744
4.2124216628125515,2.530830250937175,106.17364044750063,21.86154987519993,0.8198648249256691
7.196716582650696,9.816237735586327,28.627459914741383,41.47792007903484,0.9703410052198194
4.833177389216357,5.603250102896962,9.140398588544588,2.0638716353688746,0.3743803792321242
3.1047610443158375,10.660800277555003,95.53821843683761,37.56170662562809,0.819396225001081
7.061474138317844,9.094160549254015,21.061203292524674,20.233739293789938,0.3915155448993902
5.373026298240726,3.371451170493649,102.05775970857738,13.728176430027544,0.5428253470554686
5.974315259566685,2.7365205455538315,85.53085533227623,29.3485339214777,0.980612873391619
6.8695127797297895,1.4457083479951005,66.99145473127687,27.319487766584764,0.3611361972592475
8.418397477706696,9.088594105460848,12.923956699985029,12.618945475023075,0.9236539873423164
0.9827357935294719,13.425546953690741,112.4431885106929,10.222020288428608,0.5414330330457011
5.243324229488871,10.374558444064304,66.96732540779361,44.88755949560328,0.5773961289490881
2.847800402504344,3.257079730240192,41.170084309308756,13.129466953451796,0.15618644808675075
2.3444385560779617,6.815477816013691,43.8344666456444,47.72785978034314,0.669794302472376
7.256487450120527,9.784462016010828,88.98030021660034,11.420628664494037,0.4842767704711459
7.237796690576495,7.67914164436843,62.410817785753466,8.265652907147224,0.0996304169467499
1.5477003502926532,9.277314045094155,78.83019833871218,7.651845588460443,0.17465846377381866
4.635081520974567,14.654537179337515,8.346272919738901,13.00915433642767,0.35809528754062814
9.83467006081872,4.009429934336028,56.1859588156021,27.54002405682477,0.43048525180248853
0.7563191246546062,10.92315784360327,77.66147894968566,1.1111988070029721,0.604319895584543
2.3057805544484586,11.91260388013143,72.80347456473477,11.2837229408144,0.5797857761013121
6.313742738201953,2.2030787239112772,62.48515474324079,9.947839035022765,0.051731072524568544
7.9333384267088185,1.9286745839998065,56.67574581791227,1.0740023789439057,0.9156149072459674
9.950202914530617,11.660835508494124,37.79352233567522,11.232834800822456,0.4953580441342328
3.9530501966476916,13.411791136912761,89.63303663099735,23.581583199004186,0.044727982680549894
4.995842212555391,13.527632176942763,47.21145519925641,32.7279096752296,0.37493306361883705
1.5397774505159008,6.33196653680168,45.083764348366955,14.744879926964355,0.023140123275021907
0.307428085573322,6.9841858091354,59.824798223049015,16.139359630267396,0.23340416755976845
1.0064259002957934,3.4333926158785824,56.17769096581022,20.795067019998974,0.18308501225687412
8.965524964728052,11.960067501111453,103.13413651661081,0.5463262126809088,0.7260180681689755
8.206376770908703,11.927186958122467,59.206446408673834,44.92675215781238,0.38478578598623114
3.3371831878244604,1.2004814642658115,49.14773137150662,49.11102234312188,0.4888576777027517
9.509879662270462,6.632660783864215,17.996337099523497,31.771847292536393,0.2180398404496059
6.1337510822243315,7.335524118389305,113.91805637701766,9.431648876549719,0.9260906549431618
7.985173963947173,3.7233369041299125,119.19111422011326,30.364502396460054,0.5262048808730292
5.493268151364803,5.092962076500156,66.66372724475403,2.183817781013919,0.9072760022281674
0.25186775835558306,14.739759218715992,79.6328831109671,11.733159323053716,0.7967979701761856
7.627756444001594,8.7736342498646,75.28300925608936,0.5355287929691366,0.1043872773885981
9.42352817205643,7.7645928634827435,5.622452601954775,1.5589731459640321,0.17518766872202085
6.04604320545016,7.455336971687068,38.73915351356817,18.608518660787375,0.22450058572664722
8.800466888309863,2.122199581921129,76.21485901520275,49.026013729713405,0.024355548025452478
8.508708578216808,6.560087946151832,75.91163116416188,47.57520204412992,0.8336632588435696
7.165444988693325,3.015405563803247,58.22142636032596,1.6408282571826915,0.12624222531820473
4.425144566649977,7.6929847403700276,96.69431234299422,22.700144377252645,0.7690597018282028
7.276107337584607,5.094009310543299,10.73187341325465,49.859911897268184,0.8300448654281297
0.8722437861900981,12.31636878755483,31.3851461897138,10.867157398739325,0.8268399202586885
2.1342314403182687,8.581892125821092,52.4589698388547,36.66132355469544,0.6449143816333952
2.049506773895359,2.2445497293356653,104.80395478155837,40.983660362125704,0.6439557980825672
6.124832482477506,6.7917943167248875,80.38228353397275,45.587907460678366,0.6482343394706328
2.001610400172275,13.074187762900978,2.6783839671239607,36.171553092906905,0.27014447111619544
5.189200244609077,10.780496542435241,20.878961824768304,23.114539455985582,0.43831160502272226
3.0349550403000776,10.078288148103622,101.14904857152516,23.563951807764195,0.047788876796110435
9.798239166979858,3.3603324807223816,34.428148917556,16.364494265518896,0.9456132167584418
4.767503851921541,4.170662932958076,118.44285956912722,41.71907800990643,0.4331466234336928
6.416800517922158,10.632200879354041,104.13224687733741,32.73456093536268,0.6537395414534062
8.016572509939888,6.935959708135457,100.76524073603635,48.56075954436203,0.5575349208576916
6.21944110790352,14.960655376346427,82.68632477345682,3.5801707455930867,0.6180894937242932
4.688953541570845,7.823847415234397,119.03380340933556,35.80711712324518,0.6886359026822206
6.1442401794569745,8.599385412320936,21.775865248515803,4.035248873149583,0.01265701785462825
6.515287171732003,5.274170709975894,116.07890989076319,29.299906665126503,0.9434576123729964
6.4972545698297,12.14755072371209,62.47895655766824,38.35904591170189,0.6030419886548917
1.496281177722941,5.855221299982842,110.4061070455139,44.7493050621469,0.888540895619308
3.253177651030221,10.62229024744226,116.37724591636577,0.7076468127578284,0.25934782815268753
1.249093006174742,4.753983848339166,28.772923911910166,22.086837776110507,0.4964409232591208
1.3392479091331637,6.604567489260489,54.523197800694994,12.678096166653013,0.13917047829794782
1.4128482197944323,4.537719666459449,35.44733637596336,2.563459602113566,0.6737242198682474
0.23963148207384943,14.467499962935216,68.69900270238662,34.82011603335112,0.36717874946379603
5.47513186246592,1.2050038970934944,36.664928581128336,10.92316835744822,0.25878052901332416
1.6243049559831078,5.356286578871253,23.47731488507226,1.2799030331937356,0.7129150020331194
3.8785106061800136,1.83544560440426,87.70312545058678,46.92234337444072,0.5304736884667034
6.595570344763406,3.6504311344341516,48.50997307704886,8.331039878427054,0.9802282100649672
5.977978609606514,8.981164528582289,7.53427667842097,26.440343013107864,0.11590307800330668
8.100421940666012,1.022938384947739,63.399460660120546,9.036804426278994,0.9270722423423787
7.076335481923989,14.002675440768762,50.05842255597378,24.32922070780682,0.4133238562937641
8.163085301646287,6.295550446343057,81.25641057482883,30.179340564775075,0.7805087019233272
6.188357780885878,1.1318159080340535,82.98352597120426,39.67008974327633,0.6311930406435639
1.3786854506109596,7.915890252114117,109.88486660720712,43.837128849249595,0.5653051548406742
7.319416704551855,4.423901204353793,54.71193346042123,9.230649561715893,0.10368317179679487
3.867891034261478,9.427278921543241,5.690512988089633,19.45844581632953,0.8684403886476952
2.579364941380101,9.856849791607349,3.574931400042991,32.846434467338504,0.15955141856165944
6.361844951947954,2.2265972450931244,117.20914530477012,30.62493484691466,0.1569262365307218
4.060587285070052,11.388077443115392,96.0480454760115,39.66753534063622,0.8909250623755041
3.7417132662085164,13.618805886324681,23.246244747408976,14.760879278638816,0.7929342538871065
9.2914749654591,12.679262012239723,96.65796420544223,16.452724630423273,0.656971543721892
0.6518536391546941,9.701463508217266,92.12187102413765,13.756304900353244,0.9217154741989241
4.832589359798844,13.351248656333867,91.77860014268454,10.02471774973902,0.4068926018675133
1.9335953398867094,11.933216483142937,116.39784238584377,42.1568325955552,0.10674454634435115
8.903096962673184,8.054413688392536,68.64412406380774,11.094292530736011,0.7918332356358293
2.4969247414087032,11.302955027589906,22.914900158016774,31.360287552707057,0.8738223363366766
5.943055880170705,14.251977938008624,59.41907220012098,3.798837953947387,0.3253597857565753
6.30866970154725,11.463494566745329,93.35609814514869,3.760708765990689,0.6229347723184414
9.644175354801861,10.236993653899031,96.40135380703146,39.290660036308026,0.18219411855524592
1.0923123861211972,12.605314962033768,68.3401701641825,3.334076838297312,0.9549400187377608
5.702646942548665,5.897379310485919,50.4962648393206,36.13121299014926,0.05715959451273056
8.543498509563952,1.8330718426220558,2.9865415160233066,4.463919688558137,0.8709926135561845
5.562735777001535,7.072046735872587,60.17003726565436,6.062057021575795,0.76495392211489
2.400779238646802,14.260664669313163,40.463233011449816,22.066155534081933,0.9387162795849774
0.36542007518831954,10.539941647971302,94.71323041586955,24.780357953912514,0.8520503023606187
3.0612826868807868,3.1991436043631127,82.77373355827935,15.329243208115507,0.6392761002492255
7.837293148911558,13.637980403056456,54.85130402702649,28.9453708274428,0.4674969388048086
6.651557322206018,12.363457985843702,19.34486217340997,19.776125507908198,0.32478058168344337
5.652637371489925,13.496490445955661,118.10862656167696,39.337415169019664,0.4638672065179633
7.025835592570723,14.361834708116723,88.38800839680333,1.8458821766902445,0.796329718564345
7.5869833183367605,2.9857749333088694,38.88503625050245,15.826682986858708,0.3024720949498467
8.761858031361054,4.783280699080597,57.67359722359415,5.204011829238536,0.19061151387880992
7.623199569122834,10.047082822750296,53.7790362108839,44.63600966225167,0.005443456591148643
7.508580562364359,11.934033189472595,73.73170656512113,11.057589283438407,0.7156149904773654
5.867554229308221,3.780192253382393,80.13974423720838,32.904667066255016,0.7682954338288603
4.06489614514782,10.73766648889366,90.05233516126636,7.130570336375369,0.5888458482390035
2.589208546912813,5.601297713488594,60.23032875733169,47.82784021231073,0.23179719189222392
1.9669903111355642,5.895867419262878,35.12110521272544,30.001082756807868,0.20486802483304367
2.9189376590686136,12.71222131966434,80.30901075172612,21.752594210502036,0.5919852359053573
1.8811619287600292,12.503680283742098,8.823687336359583,8.888309948379147,0.6521787746298905
0.6741020113086366,9.528062818128316,2.0598937567979636,4.976311825628688,0.3864322425389971
2.455599625525953,10.836365212056098,52.00092330329075,27.20667275032827,0.7959928403065419
2.387864103784005,6.009964114105741,32.71585424076208,4.312460124359752,0.45368813988576173
1.5884794280454946,7.9013137784581735,60.8587916714628,2.1151025203750007,0.16441653126429
7.021773270523462,2.9366731564547,19.123330080437736,9.932545968987771,0.38616516831089653
9.587912661148986,14.81873438730067,110.79408756400116,9.459815765061407,0.9057959205452805
3.70634170540166,4.003541802071708,5.4714680452458575,19.1166762787715,0.9871618389157664
8.74280432952881,4.543208104939641,82.55023070944664,38.599854642602494,0.13986091972783155
7.202305633010567,14.5293575781236,67.58817351674215,40.37369936473882,0.8550490670992469
1.8300269268400773,9.194880123002074,106.18409502335894,0.39329606288376895,0.873353545043842
6.874298043002399,13.71442093487593,72.84472216195262,33.27247943863838,0.8751715163009688
7.620254186721331,11.893688426374444,49.54581453830254,45.869057619301124,0.6912568786418051
1.283309973975427,7.923521688505905,34.26226191179338,32.46329947730734,0.7601512839469791
7.483925620274441,1.2192354259826272,95.42792755606752,11.379244932779597,0.07735739320251633
5.262669433448415,7.989583109529612,30.376553914192712,28.356373580273175,0.22482002807441448
9.767584957176814,11.944118016828359,61.33512056735154,0.8438860650131774,0.2782962455071706
9.453411999080616,10.998569724811848,43.65528794032558,49.48953956198002,0.7639072475508296
1.0289469054131757,3.9841063426918897,103.39864942194619,28.609636128618526,0.3127854504949461
2.7423142129442146,8.026178211031503,67.90020342486304,39.64639297660917,0.7405433962068222
9.666956238718008,1.1386746115213284,98.99724934929927,47.006309044924656,0.2616750582185474
6.278844564677691,10.661335375803212,70.68747872639442,16.259538491588856,0.24557111452018654
7.3721418965961005,1.180629680382459,28.75779505698074,5.348714408578409,0.6930610677338163
5.804659028300524,10.745193953492059,35.0290755633198,36.5157654837782,0.3759523363734566
6.287963373668282,7.171579010395267,86.89285396869725,3.221509597459465,0.25697937506811064
6.815509780749642,7.412066416118181,62.64209041736096,28.088840421511684,0.7218867995010371
5.721733416720858,2.592771198156493,36.82249018648504,23.817429433086378,0.4487029710847664
1.276898536769285,5.235350699001554,31.97358904738218,6.54039187700865,0.4399803929484357
1.4133019696927371,14.356173173308417,49.76456914123687,49.333317791018935,0.04850642155531626
7.1917471960369,1.1109150385656643,0.3276616189097492,11.638193223259574,0.24932079304679133
4.4737915820595004,2.613076980593367,7.964790178645118,16.964242076856138,0.8331256015790661
8.71735474261354,9.818721111655574,54.366485035710525,46.41061857047355,0.9226075707508167
8.190995104403783,6.532721658758146,95.14612652740531,35.98600610633536,0.7785612871427547
8.804576039532545,14.98178728144556,82.95324133064084,40.325757721729666,0.8944060035941117
0.10674691582948129,8.528527473303747,94.79473821077764,45.915084060125295,0.64472675485451
2.283088822575056,14.007042513815787,8.683764127409423,37.62466791454116,0.40552103665409445
9.000019480845497,2.0182874131182844,57.17672535876054,30.846678769778315,0.8848888394950895
1.1948063846923458,5.3046519861004695,37.30898758227177,11.161276260609732,0.675589713556165
9.479570487581348,14.512673070658161,68.10050037543611,46.85451851644687,0.6677908421692826
7.39662181299673,2.412101251820782,37.700685819359,30.16650288908793,0.1949172059644232
2.5127950914662094,6.513536818710609,65.00939738438747,9.108460420795673,0.5887022133266893
6.033518134290227,4.804492020465813,68.8185408082265,4.05116755486048,0.9185596434126951
0.18324434271554293,5.674048650940391,36.01972944365815,49.675030841870026,0.8328092140426626
1.5674409694050828,3.9660714384960145,114.54937884465551,16.524571477413367,0.13720042651159858
4.4971390923290695,10.729011685856182,14.225844072362591,47.74850467137594,0.07848444450863512
9.270504670001834,14.911703609735465,9.814266224386202,7.891196753895635,0.9911738217942724
5.618805175372081,14.888198123344765,36.8081246823089,19.250207105588064,0.9540487379304985
4.234199865147219,1.185828755138479,13.012850497510676,35.87963916083473,0.08197842641523578
3.9761716570908243,6.687345578214168,116.42183504527327,30.286905367939244,0.05423896033090947
6.266743637971721,5.274835467487677,67.26825164529384,16.361626878622364,0.7447321220996228
3.5381962634402657,11.080648436341885,4.055056240396087,12.981132229629988,0.10679471639834826
8.326097266746189,14.307388923598733,105.00515907751259,37.411965027426504,0.021353884373410126
7.018931025621007,11.1421479654748,16.888565235426096,17.881072346623263,0.14838321550201405
5.646681969969339,5.356256926527365,74.21643466462581,20.40115783617482,0.5783518805373933
4.136378073673389,2.8901951251452536,103.99916152794364,14.054198182241095,0.6265128894867984
8.63245581484956,11.938682091781978,77.57263556909604,45.42701931690205,0.2251078187071004
3.90565162799487,5.028505114920624,87.96096115116521,0.11459697257062973,0.05770328918618639
6.55346653871354,5.047644860333658,12.957600998160776,17.728635121614378,0.17359478931117878
2.696606130676513,8.537431269689808,60.238625351825654,41.11313133680044,0.019705687681705997
6.906962819576645,7.386850347803351,46.57692556170049,32.71347634691569,0.6176629146993542
6.0862649554540615,7.792921495408854,16.900063019133288,24.051626227280394,0.9636665050562311
2.5413391584092944,5.367678476550886,81.3347014396413,47.476723592337926,0.6390428965003074
1.4662008125130397,12.053703450031511,67.5530602641669,1.9394637263344616,0.10869415208874378
2.8141956877699603,2.3352920448517818,41.39904794982138,33.30994287808474,0.37577037300189664
0.5273766481518415,14.180357603746122,107.20159390510575,22.759786880335287,0.1707442824943124
7.0522938741146755,9.292215106333007,0.7993592943250238,39.41306873697742,0.45167617709006214
5.290703452122314,5.000829469946626,67.38020343589609,43.532739620620696,0.10454635106347754
4.532233858152473,5.350067030245684,6.2505971781365055,22.64156550075044,0.5479496147749588
8.166879423337477,11.512881397707373,108.85634556231653,13.742323936240947,0.9533999325098267
2.031993128640114,7.206820992419207,95.06895507835802,34.59758914467287,0.7818199774595085
5.331176998615235,2.0924463770862007,116.6396812515382,32.271619776673624,0.817994634510539
8.30189474969705,1.6025696345040583,3.1358817343182865,8.52646216924402,0.9638405329296174
7.303837548461546,7.131257342621024,34.60605420773528,35.69093382017941,0.9360456309097132
6.546882661891789,5.669838215265689,54.88722847518069,5.190358011314499,0.04394878900847321
7.00223728567774,10.092490846506635,27.384956748316434,38.21145199828727,0.3719476932560465
4.549781283812988,2.563098709018129,87.07223253620283,45.24520061729214,0.018916059078663894
9.585601221790313,6.7628942587939855,28.1389980750458,32.55901760168531,0.08316360343738594
7.638861692527665,8.825829344945744,15.610752238255884,36.11372910667113,0.6518639711881516
8.415457312547124,9.936591656363866,26.42481124073505,34.466346462706646,0.8064739526022567
0.9330475993817601,8.987542114107661,98.75579346937063,2.4440692117786322,0.5590667268247715
9.95059668556846,7.80905514823293,55.08641025734688,9.416663097157269,0.4080528051025104
5.1020109144184405,6.260742722125322,12.676446756453409,4.6730522318854275,0.42032187468349846
9.374927844338027,12.98607396665448,45.464964745953885,14.70117895179257,0.5440031926884249
1.1717426766580485,7.994756521652743,117.788126132195,39.262595414355395,0.17612275515139553
0.3407017021293901,4.259579853026524,31.202783567672174,30.17216273162242,0.7051464257395376
6.731537593310852,11.751298261419683,2.4670898678778874,12.372839644089328,0.8960495562834928
3.5699706398928384,2.4013561154872063,109.14476826671643,1.379692770809443,0.33059273602448724
9.687359072851589,11.811202701725232,101.53770536601291,35.88103468715797,0.48330370834970404
1.9829737510183214,11.336461419765945,19.562719934811504,14.587890864631708,0.0705263459951978
9.881574728512831,2.041641330008868,45.74313089108876,40.50347137069555,0.7689919168189255
7.239333342292959,4.232153880458213,22.21106606815709,2.8480418320800114,0.7569247004247603
3.5870496401645444,11.56758921275021,78.96644296527427,21.52719752754565,0.22991829480855897
1.8304141287564428,6.9189468552313045,53.6217084095663,46.300721919934986,0.1410771955901724
4.495977355506974,4.880191645719731,57.588339341813864,27.67963119678114,0.03863776751072423
1.5524401164746278,10.536549284961811,72.90472801662663,31.67778266782716,0.9329447700909116
6.883563131835375,2.382649161599887,16.22132923180193,5.846937769142069,0.4403319277977802
4.047316158686655,3.417001439356414,64.86292056325743,8.790754281694186,0.5263999447747985
2.1834152992130536,5.176771126220988,64.6321167076493,37.97752262684817,0.9356338951610229
5.121856571304214,5.624464119195318,57.34680788316839,17.074446788725727,0.7007090487353016
5.509513014492244,5.479752539229953,76.74289307986709,20.1707566113485,0.9163896212841801
4.604395240392931,14.439085267759573,111.98967854134878,22.53969876839911,0.6688640362582258
3.5377992584340605,2.0008324210285915,55.1963719816267,8.849293896116228,0.46795658345545255
0.718679010037566,12.802367081428212,79.51038443346708,15.400768211526582,0.691137344141226
2.0315526463276217,5.519283542014596,33.80570718873804,29.222275905436817,0.27045568549762766
8.076668802121842,12.635568663200068,114.07371512606197,45.40370559233802,0.5702413206513764
1.9745476477898216,10.370134837607948,2.7571776098078837,25.276251018181988,0.07339416398947596
4.145711442788884,12.871346401306543,13.911258853847844,16.484425579137245,0.7543087148633297
0.8726467954929472,8.436040339979472,88.67759367690715,31.286203508070564,0.7028648801898363
8.725873641963444,11.335506669010558,40.09093561214806,31.944579487742242,0.9322281369067501
9.65030300315106,6.580315063505995,51.301259332132936,25.275545413050953,0.16204175353912942
6.258119699763527,3.3745696515714014,106.78506895121676,44.68487326077617,0.9120949875879207
0.11111185629509249,8.483313460373191,96.06602643192971,35.709661171974766,0.8452380231278804
0.8417706909176801,11.763585726882898,73.34236066163797,24.306068577208766,0.05938110461831725
7.27036590901242,7.080988858691715,44.431478596679796,27.550326713068753,0.6897182678573615
3.905674162110844,5.152278465219261,83.44125697238017,24.7280099695449,0.11383836096797617
6.125327770015125,2.182600802217216,117.34054770414282,5.356344437095261,0.7586669660125458
5.14558579571549,1.167035794407573,113.77263003773363,15.410501905454588,0.6279241661233268
9.662743743561073,7.932107749456694,98.5089784840872,30.090077541473388,0.9384738267769627
8.731287564822027,3.3154832338805957,102.96705219422012,34.518691529683664,0.37888903221706427
4.762909214389031,1.3588813197737708,29.921593085428142,39.023343994149045,0.875201955947145
9.376438313831054,2.107217819579235,93.5643484730545,24.985642877825004,0.7216776751890457
6.614579877527952,12.175601406839855,25.846017654519198,37.59467004882392,0.561684427359695
2.8158396743855705,6.827004519811171,55.31394003576332,24.203073024912097,0.5776851706922601
3.1648902873410654,1.302998804674785,22.773861424072624,42.22833169343251,0.0919088335129623
6.473528069533053,14.631111483940199,73.53452276096468,4.760967887136341,0.32619290844396776
7.664798202996681,2.9535335125830784,85.28910818939605,1.505965877543558,0.8428873558172522
0.21566107969119547,9.740212094212918,78.65021751720862,22.780602289724115,0.9804478258872471
3.0939024424298216,8.227678320108344,19.728744363176244,21.624504190823966,0.4406796384105227
8.321489855697815,4.425593940235989,90.68829782815824,22.536256445240287,0.9184536401056712
8.081408483849355,3.906012370684371,45.652581083109865,35.863009572248586,0.49118946524669393
2.2199322272527167,13.89383006622458,21.924982115544648,47.729911783320524,0.3924676178020998
4.982365198456883,3.578203088792885,76.28850657493606,19.753047592152456,0.6173067504385352
9.553509539914574,12.986167143366782,37.900972314571064,41.7920279351887,0.24653401367283523
7.926016437093972,2.337157726104931,54.67585632037162,41.193014738420075,0.8740702154161608
1.9811211822096275,14.13264355547424,114.34438338073292,31.83338221854345,0.5881531458219338
6.502290218946874,11.676146269050701,34.72922340113979,32.887543759210644,0.540467292703743
4.119020526128099,12.013683534531928,107.02139245756693,31.784891664290853,0.5124250058536813
2.7482344086718804,5.076883853548349,106.55836020104765,42.20736263559929,0.2848264763267032
6.398639587762927,3.8650994540330474,105.60801946812929,5.072177512557452,0.2013002757837462
1.7945389843389985,13.994713655182276,43.93511528228446,13.518490580922688,0.4455345100852053
3.8391602889146186,14.223727012008293,117.81184513333261,12.426731551562165,0.8086285850073358
9.778170663743909,13.188950851481888,49.360507241497125,27.4437517989582,0.32367047886969824
7.288233239135722,6.7380631433577705,69.42984991503113,1.4080865433863499,0.6209377455716155
9.933340562444911,11.818544231623516,19.336652416387132,27.264072919155996,0.4208560702421166
7.829552949951422,5.2778201947862975,53.40008583875441,10.154776503340434,0.015539353018519275
8.59130305656153,6.0798920447063995,74.96540950405317,0.042208843902680204,0.5950596451146467
2.5356166566947462,13.085906048958448,63.646303517193786,48.11930764095826,0.7196445328361463
3.5561587534106347,8.680561731995004,72.65799715588584,46.243037126467286,0.30570251846505325
9.60580823976432,9.762986468130025,21.307374883989574,47.992397927824406,0.8717360237470447
8.981381594672866,2.4314410867039653,11.675799518570336,47.111585958824016,0.22933959305089557
1.8293318212516114,12.810681918238501,102.93628162631894,37.60516324430033,0.19111844356897578
0.10139797520445455,10.189675427318289,38.01132698234837,9.792688024151468,0.5667963100832856
7.451847250768493,10.128566038211204,25.217724045724324,2.8753038547380094,0.9551288134754216
7.418822644000837,1.120132716129321,108.67252749652482,19.034879422664048,0.49737433533043796
3.9966355748158735,4.135802246659408,86.19283665897152,10.537287419823166,0.0011832540245557688
6.930574635049981,6.87673042509945,61.83956137502917,38.69253434122766,0.3605764093366247
8.389961874895567,6.474182523307286,9.23504736686603,25.523435481641517,0.5992477792365831
3.634316459661525,2.4005136432987353,99.671660828446,42.23253229496605,0.7490885472533554
2.4787915842872192,10.425423201647243,40.32320463264987,6.724049721700492,0.4771929480583198
6.655922615084419,9.046564148929058,34.808786882766164,9.318223445093155,0.5007656717777492
1.2343568307221546,11.481083683471017,117.70195018439125,38.8924296075359,0.44893007483744574
7.286292652574601,2.111599882296413,68.90640939518048,36.6371722817033,0.8421859619917985
2.0137523935579082,8.350263518305628,74.31880774467407,45.09539834145397,0.6962299667405921
9.037750401860507,8.532695059178145,40.467728838359974,25.536463977229378,0.4631998269177494
8.697148339794628,1.3530046979448545,34.27927580934879,33.81768664060186,0.32515476929665177
8.938202297336348,6.936346442238183,29.197087049335593,10.99445929467781,0.3462433942161456
7.827654692605749,5.683970055879785,79.2803041480603,23.555162252820534,0.3173862143474493
2.869623291956782,10.094269600951662,36.859942785182945,45.81693955415336,0.2348745501377023
6.108622199895711,13.46932478877899,54.32476475414429,3.4356292760646223,0.27984482095213503
6.1608737974422905,9.95240899831385,61.080547969412194,3.598770947341101,0.1153401914489367
1.2223784187994007,14.410883857321513,17.528593746078357,15.558308102026174,0.6571694127367129
3.2496784600253155,4.527272785028828,117.71479245689588,40.3620231913658,0.7996400486506212
6.8078271710243214,13.785850156405921,98.3694427976441,17.823138024889246,0.8831127406466656
2.1823253332767263,1.354254677295617,86.36753216255595,32.84755999836319,0.2970515934036605
9.132539709930516,14.012726498102827,88.11335624512041,6.074857861431882,0.9023421583848372
7.01507885893345,9.148669310322132,61.57850310357554,45.26177331219623,0.8481247553904624
1.0257462638737367,7.248089008170948,50.814563230873354,33.540912886276466,0.167292475894387
7.08912694359543,3.9378251511072686,86.64419647657208,36.13359311448021,0.6152807251909712
4.799743330571201,3.1521119392673445,97.30409504033388,8.083081654806806,0.647829501081961
2.706297371018708,8.472540663602235,82.61100095642641,29.734298681072314,0.2618761439922397
8.88412963378173,14.771207025919919,82.83305312117105,17.650111819970604,0.9081519727598101
7.607531066604321,13.064749553203377,88.34172482239349,37.6583133539524,0.6396576859697879
3.265856483204508,5.25787391004498,22.249888012543533,48.19227269147653,0.6109996329699284
0.617044440472224,14.334171203654133,60.935025511937624,45.735110094379316,0.13256905662612628
5.324343064708687,3.1168750454966054,10.440315739248941,12.580393627167203,0.4073761301628721
4.549395116796547,14.811654695681733,98.74777129851614,19.37584907505548,0.979920044182027
8.121002570899494,14.984227727796252,46.94034882931261,34.193872770724255,0.4209069402494483
3.756201206811604,10.816239516881469,61.28081775283958,39.77339899653696,0.007151756335210702
9.78956775585972,12.227568787444401,40.39035465687915,14.29176866513192,0.6071971088583902
4.043502320838685,1.74031491027059,27.789580394106906,43.8715296586788,0.8374123022058823
3.5715046003535136,11.687999112355634,56.24910044806129,20.901838061430794,0.4486574345513483
4.1563920890775305,7.311216864178056,95.42606623203122,12.214265305514333,0.30056205412295867
4.5366354594031835,8.446735891677848,66.08774875090316,25.524348351020965,0.6415519354158449
2.1649866872624877,4.221248409826757,81.39731535485132,18.059071656465502,0.37869173430845793
3.6246538011920406,5.316963061449709,102.98400760371294,33.83970876749157,0.13361573438825458
5.7424281301239315,8.519747555761061,26.990249428722393,20.557702015451518,0.553654613696923
1.1178588911945517,5.421863483996393,30.231177737424733,37.02452943665147,0.2362113135796854
0.11655790851272431,2.4003220214340524,15.04787992107703,11.729180354198043,0.6014496393287524
4.896573726577981,8.363930870102902,119.61072088398535,44.88139603767176,0.027939738859100394
6.125927970397423,13.158445136643191,22.23924345509331,29.163485792493,0.1067912339938677
9.902754513661963,11.567029367253467,93.41069004793468,17.296741822360634,0.52173996750123
2.331828136227577,4.471540064214195,63.836140462202714,21.7079539131385,0.1686320810962597
6.158701578420159,10.246754973240536,111.95877529361879,13.76984025833981,0.4708095577025242
1.0585892596693605,13.341422715885928,89.72236916080587,4.4768302989075694,0.7515538657627756
6.7985547071700285,5.971664176938346,99.83976391545096,27.22622062799454,0.36027042283551525
5.98935285813759,4.926173717469957,94.47244925942276,23.836750587797738,0.849730579152597
4.21261621121227,12.73882879271324,100.29303791690143,3.668113043394378,0.6097256260408985
6.509023561185256,12.44900916712835,81.16412706897097,10.282268323097476,0.7494833744245815
8.725474598854422,3.4770135459218894,63.39862709731858,16.783713271378936,0.13574957830884515
2.110654347603521,12.400740123048358,97.29843519470747,3.1800791283893126,0.09113461710326531
5.692469253008881,13.827842590729501,3.256561279107033,40.05063892238369,0.8211192749253143
3.823050090087658,8.191217952833341,117.19326528208073,31.970552308746026,0.2634674912140743
4.904133414121359,6.961489367541782,90.38059621959856,47.13820827748624,0.1585028720126298
9.060319504962212,11.376988916379844,53.33573048787622,10.544826253483464,0.49645327959695307
3.754079901206738,6.719566519824756,17.840956753347527,22.495089955608684,0.5392620596277016
4.5698073715723675,11.487969905362704,9.658898286361218,0.07250550250018084,0.7240575009904963
3.520271002913303,1.1080368666931322,114.68753770284464,0.9782974778036357,0.9451131918506755
0.3953446896952283,12.85626899473009,52.55153987465714,45.8493791288307,0.27477428367694356
5.955835451743044,5.186543697225747,10.062602596878222,48.96552687248728,0.8459940922408818
7.602082056320778,1.2891792925167018,100.93846668071977,8.825634977547342,0.9745204452344075
3.437899069128661,8.836500378590912,24.97962717178708,17.53629786165219,0.8776250419927889
6.729683321333266,7.906822661145073,82.38496506936552,45.23540579407456,0.49920451015338896
3.0666299828510706,11.95061369909034,81.7840386676335,27.148952933894595,0.06713623435321425
2.9324879095000265,2.1530315439222,20.32786050138647,6.636618762948787,0.2948217826359635
4.411010184224569,8.232579618616858,72.62039360404012,4.350060510723264,0.27257403876862174
6.299629589682991,9.87106741726863,83.72228456072257,47.09861486707902,0.29101636367191475
2.7567191611689466,10.585701924160194,53.543233241450714,40.75348406147835,0.34281671255692847
9.252820039821064,10.438413118676388,70.56422618208843,3.2649634278976603,0.5375102315842424
2.276494274791501,7.288587724126712,114.80879686660712,23.806189099202346,0.21720696813290885
1.366894114686235,13.044250751735701,0.04530518722863697,24.140116533053867,0.9035647041339742
8.285425033771462,1.3247615611024877,54.8042902002275,26.87015364878995,0.8960376932499761
9.122202706588242,6.642356464508769,26.782859444045673,38.13515205271403,0.5700074592925191
1.3595623833887756,11.178109466849326,70.03391196880784,3.6527021851582466,0.8078691174650189
9.92450487202162,2.116052143518761,25.208409240311088,15.423324311250875,0.523279894271747
4.357200276849518,5.417186572960006,54.327902399687616,36.62249596246836,0.8311314159863338
1.897276753530494,9.277244008345718,105.82959895037975,40.0691075942665,0.7833704706998802
1.3656782170604957,13.145825342621038,53.35055169054582,47.2271655915541,0.8888847509917587
3.533988971334565,9.409181966854828,101.68101167678662,7.906931588387145,0.024668547481626613
2.8924250059819423,11.39134111997997,81.63663313526507,49.58385769140754,0.9855239925676642
7.879328444404597,9.811758282396429,39.538632637007304,25.342316743818138,0.5507589411564506
1.5808593023153468,2.3842464742604528,86.64239517235549,37.12116607551073,0.43451145325681306
7.408616405841629,13.858077345461675,30.8087693085334,28.154280673335574,0.02836775931874247
6.850823506467265,10.694119598182006,99.82245100943203,19.753894906044785,0.2923457964335522
9.505041765402,12.381356206411493,30.657637800532484,24.10051261262829,0.48265278810417256
6.715192431131045,5.7932004219958255,16.08828127146733,20.033684679355712,0.8005478393743279
5.260436417386391,12.529576341272055,54.99943951102155,13.922060873961827,0.12519336738109654
0.20678425154378882,1.2037769960034552,91.83533207530242,12.373635948353451,0.04196834064378163
1.7951726449253906,13.138922645914764,119.71193655907578,43.593427507179925,0.8809316784404962
6.129258023802022,5.082561681221705,7.716508870612198,31.924933450679738,0.426548542890684
6.2760361301693,1.659856234560984,63.79917158299514,4.537662770730055,0.8932095210117562
0.7334126717282142,9.63788343834716,86.66301885605567,40.36933788701692,0.07561010572408344
8.045185058374605,13.700000359184216,30.501391136429103,49.696838759870325,0.10742571470492879
1.5787706381843098,4.574795439439034,85.33116473600545,17.03005777427819,0.8995749266279287
7.076296374746527,7.756360655258815,35.09215033179072,9.952050103886268,0.8874683214125776
6.743789392579128,8.906257136441958,48.64120259883469,16.33757559013273,0.8324291820232959
2.8163361455354106,7.405857228259576,2.470109890777872,16.421167670347614,0.2627240254862582
5.854449401437471,4.373645278654295,16.648834853761926,22.593853456266093,0.4476962941688504
2.566106518431228,3.925381315408641,56.85849372882133,35.31884275354455,0.3474882982233435
9.975451855078251,1.137212165935367,3.5612293873817435,26.972400172840505,0.22726875845641237
1.010424519350631,13.6095855951656,85.20489676254378,21.9922890917264,0.2425337913233101
5.722151164531831,11.58376050035905,17.80366940285615,40.85264932205339,0.8566188556275363
2.7785105104430503,6.763172361259211,43.05871077184581,23.14208969217872,0.2624031838573835
3.464015496247879,4.031761203342249,56.41621201907766,12.174982125274687,0.34401050711595804
1.993753666367816,11.778024065247308,41.51148830825329,34.29077785506011,0.8364625296966828
1.9348667452621682,5.8527399921560495,111.25753261547362,28.391269120578187,0.791786611352405
2.422933089977492,11.703111150775904,93.20299370977257,3.82061009476517,0.34611856597809976
4.007017831374619,10.977012702644599,66.68641553465613,28.069388589889176,0.4621376451893734
3.2741900008287166,2.763655765599782,115.16317849458699,47.42645870415374,0.22588135755776861
0.9277544591329614,1.9381210252477468,61.085029805916676,19.62036055429432,0.09561883710694952
9.94182549393696,13.90716206534007,39.156406426165276,6.141631460323749,0.7522095793918643
9.284022140098495,12.696460400575958,16.628734762935554,2.3361951400653727,0.9943535488222691
1.9464683401031506,14.405768147273186,60.06583275485914,44.5799347245843,0.16270485184694972
8.327678070489295,1.9281138400354,25.06317881385911,15.914629503139338,0.10804257072276968
6.005751844009315,3.678151965787827,84.54448352543812,31.914594812087145,0.40813373347260185
6.416725680850347,4.8372325669721405,46.43868312200852,20.26297517606006,0.5996798411672033
5.94174014774883,13.358026973187508,64.18864252029509,22.143044974478265,0.1990682847546562
3.484169154652401,9.004334050670534,61.922271574137795,43.34464542543519,0.9769541626864569
0.9939680736643424,5.656666692123172,16.487747771613314,6.267381863711985,0.7775436581762535
